neighbourhood_name,average_population_age,population_density,ageing_rate,average_disposable_income_per_person,average_annual_net_household_income,average_household_size,registered_unemployment_rate,population_growth_rate,social_welfare_and_equality_vulnerability_index,economy_and_employment_vulnerability_index,education_and_culture_vulnerability_index,urban_environment_and_mobility_vulnerability_index,health_vulnerability_index,percentage_residential_properties,percentage_of_population_25_plus_either_higher_ed_or_technical
Abrantes,42.52699209,217.8128595,16.76335327,12515.0,33622.23,2.854972968,4.75,-4.858374384,7.435267188,10.6795205,13.15590765,5.137581236,6.517903051,6.094808126410835,21.360867986931794
Acacias,47.95211789,340.4695361,26.54420836,24444.0,52933.24,2.269051322,3.36,-1.119320688,6.838956625,4.9848785,6.82011066,6.257348237,6.147338816,2.0694752402069474,56.35457575657569
Adelfas,45.79960578,298.7203496,23.09592641,24543.0,53793.35,2.332924586,2.83,-1.019626489,6.368323563,5.089996,3.952607996,6.197105237,6.897477647,1.444043321299639,56.86997760505862
Alameda de Osuna,46.59438994,98.75941515,26.51069182,24417.0,60255.0,2.601780338,2.43,-0.960566229,7.385541813,4.3198675,3.691304996,5.384811544,6.682053148,2.8513238289205702,55.96513407412336
Almagro,46.35689276,213.7754558,24.43977591,33425.0,78233.57,2.328984157,2.08,-2.912966252,8.209531188,5.1045655,5.823923216,8.552989701,8.523912307,0.1271725307333616,67.58971811747175
Almenara,43.54146949,246.2977787,18.21087588,16415.0,36303.6,2.422079228,4.2,-4.382039154,5.784870813,9.2380835,9.208788435,7.011487392,6.958181647,7.428940568475452,36.37659731756257
Almendrales,41.66801103,320.40764,14.82425712,12826.0,33822.43,2.819917501,4.67,-4.674835867,8.817064625,12.138589,10.8253451,7.541764392,6.842715647,6.474820143884892,23.36805940374598
Aluche,48.2023328,244.778581,27.91237151,15162.0,35834.82,2.484170719,4.13,-3.518711134,6.619567125,8.6799925,8.875167102,7.129954161,6.526086648,9.598976109215016,26.82922440165557
Amposta,42.34008616,282.0097245,16.41193969,10787.0,27218.54,2.68493528,5.91,-6.601324503,6.705769375,11.7125975,11.09616777,4.726501928,8.347487641,8.478802992518704,14.554118447923758
Apóstol Santiago,45.92160081,132.9765165,21.81542735,18213.0,44215.68,2.617214604,3.6,-2.602551396,5.435825625,6.904457,5.283034217,5.493141698,8.807737806,9.206349206349207,38.008573970719084
Arapiles,45.93187197,437.737807,23.81372588,25893.0,52027.5,2.093458729,2.83,-3.017039555,5.932370125,4.6811465,3.850914996,14.10934463,7.611824144,0.7083825265643447,62.745577167432316
Aravaca,41.44253893,48.81042167,17.20639875,30206.0,76207.06,3.021757771,2.47,-2.688809806,6.359236,4.8133345,4.062778996,5.951254698,6.739326814,4.005722460658083,66.40950470606388
Arcos,43.197793,204.4207784,16.77321157,14493.0,37149.46,2.72812208,4.84,-3.586783902,6.173741438,9.36025,8.42765988,5.668968775,6.968735647,3.608247422680412,24.652209492635023
Argüelles,46.41611638,334.0462046,24.02449274,28664.0,61804.85,2.234773276,2.36,-1.980438121,5.796210625,5.7963665,3.955007885,26.20136287,6.85546698,0.8991008991008992,65.81859500049403
Atalaya,44.94019139,68.13981519,23.14593301,33140.0,77929.4,2.641390205,3.36,-3.035822708,8.134382,6.834285,7.021694993,4.838601774,7.001584313,1.4925373134328357,69.4267515923567
Atocha,38.74963361,30.02582574,10.06350757,21254.0,52252.0,2.581336696,3.23,-4.904904905,9.914047938,5.517563,6.52765266,2.341586848,22.78242525,0.3125,52.707333790267306
Bellas Vistas,43.45601192,434.9412752,18.10291179,16653.0,37831.49,2.386166471,3.4,-3.927462178,5.762006188,8.8272415,8.448129658,10.77109447,5.556495319,11.246786632390746,41.48936170212766
Berruguete,42.67987543,451.45775,16.11904673,15679.0,35528.86,2.382318969,3.69,-4.262288838,6.022182,8.7912455,8.569928547,23.66823049,5.844319818,13.632958801498127,37.11243929772133
Buenavista,41.09402429,93.57941994,13.39733542,14879.0,37776.55,2.732772929,3.93,-3.770797776,7.649310188,10.6795205,10.2605911,5.253422082,6.517903051,4.21455938697318,28.54893871125346
Butarque,37.69664804,36.45517999,9.291620112,13620.0,36568.94,2.841269841,4.65,-4.8476803,8.491710563,9.378667,9.729699546,5.832724852,7.263677645,2.6954177897574128,26.14511288007308
Campamento,45.30548966,22.97038536,22.39434574,14656.0,36950.38,2.660955816,4.0,-4.489321157,6.561194125,10.030864,8.535598769,5.858869775,6.222922483,15.666666666666668,28.091971073613944
Canillas,48.34287834,161.7443013,27.77695351,19994.0,46691.19,2.439671815,3.29,-1.630394137,5.338499938,5.8093055,5.699795217,6.910553161,8.879452139,13.204325554923166,38.79710813720966
Canillejas,45.67102495,192.0322964,23.01706576,15070.0,37262.42,2.593365668,4.32,-2.968988307,6.120759813,9.014383,8.177933325,6.837248238,6.156236483,6.724511930585683,25.924196765841856
Casa de Campo,48.58968021,7.657239728,25.82264792,23494.0,48874.87,2.25069541,3.73,-1.392291837,6.617395188,4.675988,4.424775107,2.916183695,17.11898527,1.7567567567567568,55.55242654651272
Casco Histórico de Barajas,45.13593443,150.2184201,19.73770492,15952.0,35398.46,2.287042591,3.45,-3.211406489,7.306691438,6.8953845,5.21702755,7.182381469,8.141098808,9.51417004048583,25.37842190016103
Casco Histórico de Vallecas,42.06778773,10.14126781,16.6253811,11951.0,30031.93,2.678917815,6.12,-3.803351901,8.139550063,11.4170425,11.53037854,4.530908081,7.68031681,4.2433947157726175,15.438833639084677
Casco Histórico de Vicálvaro,43.88000432,17.70896335,19.45540008,12291.0,30223.98,2.629492826,6.98,-4.133063126,7.841493938,10.9105385,9.562544435,4.627701005,8.066015642,8.58652575957728,17.3417811632377
Castellana,44.61366719,229.350918,22.90865928,34843.0,82799.56,2.269660038,1.68,-4.466788015,8.322047188,5.560187,6.944201326,9.13609624,6.197407316,0.15174506828528073,69.53993375046007
Castilla,44.49761635,82.57067506,22.59931896,28189.0,67552.8,2.500354761,2.72,-3.311602146,6.058313563,4.5722035,6.127447661,4.835204466,7.75397331,11.239964317573595,67.06311565122218
Castillejos,46.18578284,305.732936,23.31576967,26447.0,54433.63,2.124113121,3.05,-3.2802563,5.609475813,6.7556335,9.981147879,9.155980163,6.292568649,1.9073569482288828,59.34177787830807
Chopera,46.19752172,363.4026066,22.61552133,18830.0,39804.54,2.234281932,4.05,-2.473948572,6.993630188,6.3392015,4.872664773,7.044598392,7.000164146,5.355064027939465,44.64052287581699
Ciudad Jardín,45.96661031,251.6069789,23.75845309,24765.0,53042.34,2.225776105,3.23,-2.216821132,6.185010063,5.311662,4.047134107,6.084808314,7.248185979,2.494802494802495,60.54110573781205
Ciudad Universitaria,45.8974283,12.0167849,25.52145058,30310.0,71512.44,2.595109949,2.08,-3.080625752,6.00685,4.6237655,6.199111327,4.482268158,7.520143977,2.7752081406105455,68.76697447039652
Colina,45.23906021,124.0307307,22.37885463,27706.0,63554.24,2.368695652,2.91,-3.602660886,5.948039938,5.7708705,7.359727659,5.741080852,6.778035481,1.2165450121654502,64.88185975609755
Comillas,46.02484446,354.4662964,22.54751555,15403.0,33931.45,2.336087606,4.61,-3.226015979,7.818506938,10.6795205,12.59785899,6.604341776,6.517903051,6.52699435938759,32.210306042375095
Corralejos,39.92573747,16.59069021,10.87208553,29312.0,76730.99,2.81983291,1.84,-1.78049256,8.028418313,4.2699555,3.623230441,3.940002542,8.471962307,0.22624434389140274,68.5544250335957
Cortes,44.71797511,188.308836,17.32163638,24671.0,43506.2,1.871816354,3.5,-3.22918088,12.12560756,7.6602115,4.872704884,5.915871467,13.38594562,0.4340277777777778,62.38312902555579
Costillares,45.5657877,157.4481502,23.90690165,29377.0,74745.66,2.663521261,2.43,-1.741569222,5.52275025,4.9291055,5.045488328,7.152891623,6.20236615,0.6756756756756757,67.7704326923077
Cuatro Caminos,45.32143157,305.257384,22.2069815,24540.0,52970.1,2.234922422,3.01,-2.752710142,5.760640125,6.7017105,7.827535103,7.452181161,6.738295814,2.8846153846153846,58.15384615384615
Cuatro Vientos,38.39449899,12.27233384,7.745052205,17516.0,41288.68,2.621323529,4.84,-4.705319403,10.01631156,8.101822,9.571429546,5.638686544,8.253531141,0.5235602094240838,40.59622972380535
Delicias,43.65190904,281.3975538,17.71932802,22273.0,48099.46,2.332014246,3.21,-3.066850448,7.126025938,5.8102905,6.672785327,6.746780238,5.874951317,2.9292929292929295,55.20003426711214
El Cañaveral,32.85287617,20.32474963,3.146629442,19187.0,46640.53,2.564205817,1.62,-27.36800344,6.434114313,6.0316175,8.482704214,8.560440547,6.248105316,0.0,51.39464910140685
El Goloso,36.07562768,7.494404203,9.195754236,27155.0,76202.22,3.152002574,2.1,-2.899150963,9.390177,5.419264,4.238182885,8.527598239,6.992050267,0.0,70.33429632686752
El Pardo,47.25346821,0.184931076,24.56647399,18296.0,40565.41,2.527392257,2.77,-1.133556169,7.3641045,5.419264,5.551933106,3.973166619,6.992050267,10.404624277456648,30.49696102967465
El Plantío,42.12262357,8.894053625,19.77186312,25350.0,98157.8,3.152847153,1.84,-3.612903226,8.588802125,4.087883,3.895749329,5.017520159,8.748225473,1.358695652173913,69.13809082483782
El Salvador,47.25371049,61.16164034,24.11384669,26077.0,62547.03,2.552707823,2.97,-2.224576271,6.050250813,6.6002475,6.572368771,5.351956698,7.891477643,3.1088082901554404,52.80026616391261
El Viso,44.67013394,102.8375848,22.200057,35797.0,90192.9,2.700477143,1.58,-1.556621385,8.26197375,4.468817,5.983210772,5.333549082,7.886278809,1.0734463276836157,69.86750037218997
Embajadores,42.68872196,479.1815807,13.52335872,18177.0,34442.22,1.998354925,4.22,-5.034073887,9.531549375,9.273879,5.621874439,10.3063157,9.319376637,3.2440351611552956,49.81617647058823
Ensanche de Vallecas,35.69713447,92.53914936,5.796920886,16757.0,39594.48,2.527213026,4.6,-5.44276142,7.19369375,8.9123715,11.16081943,6.208134622,5.795193318,0.4705882352941176,42.897864650937876
Entrevías,42.8941277,63.68994792,17.86111639,10790.0,28215.71,2.800866459,6.63,-4.019377163,11.46284475,13.1939265,12.40201532,4.537227543,8.175908475,9.307875894988067,11.056804605191703
Estrella,49.29432686,223.3837153,31.88284886,27595.0,66902.05,2.558014153,2.34,-0.550381965,6.251466875,3.8849205,5.914993661,6.024575929,6.579878981,1.174496644295302,62.988950276243095
Fontarrón,46.24727778,190.3172299,22.7,13983.0,33442.78,2.504173623,4.87,-3.775507316,14.10065069,9.4340035,11.66578521,4.554964851,7.395642978,3.089887640449438,25.949056206581993
Fuente del Berro,46.66476293,254.3748534,24.36477225,23926.0,49855.23,2.211009174,2.96,-2.454103544,6.0783065,5.0696145,5.158439662,6.51123016,6.113947983,2.782462057335582,58.15849486887115
Fuentelarreina,45.04545455,25.58223637,25.50028588,36195.0,96509.39,2.912572856,1.85,-2.547770701,5.54415275,5.419264,6.231209327,5.667926929,6.992050267,0.0,71.04950495049505
Gaztambide,46.47752093,472.6357354,25.00743637,26058.0,53100.37,2.114755572,2.66,-2.46924202,5.748931188,5.0345475,5.984465883,20.44772802,8.272208141,0.32751091703056767,64.89020095297286
Goya,45.958609,396.8453849,23.72206313,28823.0,60585.03,2.154680851,2.33,-3.020481807,8.535132875,5.2559395,7.123623771,23.78456164,6.494803648,0.11376564277588168,66.52753576204563
Guindalera,46.22909917,271.3688545,23.8130754,25573.0,55816.11,2.269265351,2.62,-2.21753526,5.97668825,4.497106,4.998292884,6.197300468,6.419273315,2.6556377884196776,63.05498510398288
Hellín,44.28193678,186.9415183,19.45810336,11986.0,29615.85,2.611373166,5.34,-4.200819672,6.495110625,10.4976185,8.708574436,5.07729739,8.927453972,11.0,18.114337804401615
Hispanoamérica,46.10536015,189.2671533,24.79852565,31917.0,75681.65,2.471550992,2.4,-1.713817655,6.089097313,4.322669,6.060640549,6.052144929,7.042536979,1.6267942583732056,68.10591123093639
Horcajo,42.17684161,86.83469634,12.42797072,19542.0,51641.61,2.874216652,4.01,-1.285266458,12.50931288,8.5930665,10.53877099,5.222205159,5.907130484,6.956521739130435,46.88317349607672
Ibiza,46.85097683,447.9878049,25.27033167,26761.0,58130.76,2.249591169,2.86,-2.381499701,8.929046688,5.4702175,3.689684441,61.91090114,5.781471651,0.0691085003455425,62.186582335667495
Imperial,47.10525851,244.1355792,23.70742897,23591.0,51032.43,2.26430926,3.07,-1.256298138,7.059544063,5.0461005,6.805610438,6.441819776,5.883614984,3.271537622682661,55.2112676056338
Justicia,44.04351886,255.5720855,15.68386787,28051.0,52835.71,1.924514738,3.26,-2.814005087,9.681670875,7.45626,7.012180993,8.860011624,10.7324848,0.12658227848101267,63.31566325886659
La Concepción,46.65649712,256.383339,23.2251977,19248.0,40656.32,2.259951259,3.14,-6.088385768,6.03028075,7.3002805,5.769309328,5.742789313,6.99010998,5.583756345177665,44.63801780874952
La Paz,50.85361593,150.0788936,36.80549114,26477.0,64759.64,2.53491653,2.49,-0.467963121,5.104423813,5.419264,4.522654773,5.270809313,6.992050267,1.4941302027748131,56.632768361581924
Legazpi,41.08324101,141.3290916,12.04552321,25356.0,59962.62,2.458586109,2.43,-1.983420638,7.195069188,4.6312,4.078587329,4.766949312,6.699495647,2.0527859237536656,64.51373922413794
Lista,45.69724728,416.68589,23.71431228,28960.0,61005.95,2.173860305,2.21,-2.528546204,6.035183438,5.3436565,7.115495548,13.15587009,5.893644151,0.2364066193853428,66.40995946728431
Los Cármenes,43.52534875,145.123839,17.16875645,14416.0,35315.69,2.625106868,5.33,-2.862963167,9.371260625,10.442113,11.13034221,3.610089081,7.619651811,15.870307167235495,27.39357940885306
Los Jerónimos,47.82102682,36.46663869,25.8148255,31815.0,78648.93,2.423628102,2.22,-1.584417472,9.356902125,5.2865845,3.492859219,3.437921773,15.21544195,0.6426735218508998,65.12251833303523
Los Rosales,43.31015436,260.8230025,17.08535109,12703.0,34021.71,2.860399683,4.88,-4.751084487,7.714208438,11.0059515,10.83400499,5.821531467,6.513997148,7.872823618470856,18.75376078090526
Lucero,45.30523744,231.0541989,21.13364152,14814.0,35919.56,2.556883815,4.09,-3.536440304,6.784498688,9.2497165,8.666216547,5.899146391,6.891671313,12.195121951219512,28.49590095365568
Marroquina,50.18052923,148.5168426,29.48669346,20036.0,45829.48,2.395604396,3.78,-0.982894586,10.0977465,7.554257,10.94429877,4.522103697,6.396815149,7.733619763694952,39.65389598371275
Media Legua,48.446028,178.7187187,28.56580649,17680.0,40948.0,2.428590934,4.39,-2.643121618,10.34339219,9.4903855,9.267184546,4.945657928,6.709659314,4.948453608247423,35.26661083193746
Mirasierra,39.82533203,53.70666972,16.1713477,29407.0,79166.71,3.085138539,2.26,-2.949461475,5.691881438,5.419264,4.126318885,6.120564083,6.992050267,0.5703422053231939,69.11752711850583
Moscardó,43.55912532,320.9507042,17.84881426,12693.0,31848.38,2.676750216,4.24,-4.752809814,11.04307425,12.1335655,10.52466988,6.041415929,7.360690478,6.079234972677596,23.631704191835986
Niño Jesús,47.08169079,237.867247,27.19533757,31955.0,77820.21,2.600647139,2.18,-1.172441049,6.288562375,4.1826145,5.623546994,8.139006547,6.242836483,1.1412268188302426,69.60584437648657
Nueva España,43.63616579,141.3887492,21.01984587,34371.0,85985.25,2.587888809,2.13,-2.330889333,8.436571688,4.3994545,5.888205883,6.341889852,6.872817147,2.214532871972318,72.30373781728606
Numancia,43.25597025,282.2832729,17.85286788,12136.0,29857.21,2.614188981,5.18,-4.496343335,11.27353375,12.870991,11.12922121,5.982777006,6.82481298,11.519845111326234,20.16688093977665
Opañel,44.47828964,327.7883139,19.29434292,14134.0,34029.96,2.533747146,4.42,-4.6976771,7.511206188,10.6795205,10.45974799,9.165333625,6.517903051,6.081081081081082,27.83180676875199
Orcasitas,44.12528745,174.9631377,19.02308151,13337.0,34151.31,2.717195094,4.81,-1.705070114,8.703605313,9.149943,11.65407677,5.213922005,7.989357142,7.084468664850137,17.336006874820967
Orcasur,41.41091509,109.4428026,14.41653761,11656.0,31815.53,2.966640032,5.99,-3.153106939,8.716341188,12.9161225,11.88897588,4.806008082,8.232112475,3.233830845771144,18.606983316619566
Pacífico,48.04194944,449.7164711,26.5240198,23449.0,49420.1,2.198241042,2.92,-2.144675753,6.571882563,5.075451,3.856634218,9.715730625,5.998330483,0.5484460694698354,57.029101946081056
Palacio,45.85985533,163.2832165,19.18872267,23770.0,43946.52,1.959887233,4.17,-3.474588673,9.558144,7.2378565,5.150918995,4.435966235,10.49654497,2.155453951665578,57.71302173494903
Palomas,42.05371901,66.7383982,17.26987746,34774.0,91071.03,2.948739496,2.18,-1.37733142,7.881580688,5.4853415,6.189682994,5.134395159,8.343988308,1.25,70.15327257663628
Palomeras Bajas,44.3309424,247.7985962,18.22057239,13967.0,34675.8,2.649597056,4.23,-3.108279015,11.179355,11.146604,13.09544065,6.155892083,6.648027148,10.024855012427507,22.13511000929656
Palomeras Sureste,44.2623885,145.9724635,18.87782683,13353.0,33185.81,2.625739295,4.72,-2.818703031,11.28589794,10.549262,13.71217754,5.538396082,7.590756144,12.026862026862027,18.38028780727915
Palos de la Frontera,46.10604886,402.159161,21.44241954,21157.0,42253.71,2.1046189,4.4,-2.723681883,7.129566938,6.3000765,4.69974244,10.21767224,6.311947149,2.0048602673147022,52.7480600578539
Pavones,47.83373154,92.39378033,27.05256299,16403.0,39517.41,2.74047619,4.15,-4.372433692,10.10757844,8.9561155,9.628796546,2.997549465,6.604036981,6.504065040650407,29.17670398186198
Peñagrande,47.45899117,157.1537423,27.71162251,22816.0,54004.5,2.523721087,3.0,-1.127992375,5.5796695,5.419264,5.16377855,6.32567916,6.992050267,4.609595484477893,45.998588567395906
Pilar,48.53843757,345.7966549,28.07296479,17793.0,39382.79,2.30057832,3.5,-2.024893384,5.370994313,5.419264,5.708768994,7.053723622,6.960554313,10.271041369472183,36.88688818922224
Pinar del Rey,47.50626489,203.1146803,26.09119727,16824.0,38396.37,2.40864733,3.89,-2.433930741,5.590320563,6.6283645,5.905271439,5.987089006,7.77493481,18.443396226415093,32.614952614952614
Piovera,42.1016823,49.77704166,16.74538984,34949.0,92188.39,2.931525038,2.0,-2.715110178,7.740805313,5.714665,6.283827216,6.858220853,7.915396476,0.2762430939226519,69.819737800437
Portazgo,44.46349089,245.5713483,20.819606,11817.0,29088.94,2.641037024,5.5,-3.436661138,11.26398438,11.85342,12.02175988,5.777244621,6.913421813,8.352849336455893,15.79750588645679
Pradolongo,41.70493428,185.5617414,15.15230545,9910.0,27993.55,2.988154613,4.72,-6.985155196,8.610168875,13.9675935,11.48057677,5.140612005,8.46921564,10.43956043956044,14.021634944543338
Prosperidad,47.204337,358.8981829,25.9814399,24830.0,51858.03,2.187688665,2.88,-2.559324821,6.108579938,4.686027,6.310093438,7.979099623,6.698980981,2.375061850569025,60.18667103324054
Pueblo Nuevo,45.23762031,289.2117972,21.12214227,14782.0,35840.86,2.583294118,4.1,-4.71432789,5.465419938,8.367366,6.751892327,5.665697313,6.455423815,8.652037617554859,28.638587371961474
Puerta Bonita,42.25722648,247.5879647,16.27601145,11651.0,31202.28,2.88013368,4.98,-5.247489382,7.621075438,10.6795205,11.1839771,6.899983776,6.517903051,7.388059701492537,19.49135090609555
Puerta del Ángel,44.39244831,335.7958264,18.94623514,15310.0,34380.24,2.36357499,4.34,-5.00197061,6.953106063,10.0739345,8.314167436,6.503082545,7.038655146,15.305280528052807,34.02075935536739
Quintana,45.26145281,377.8453879,20.4356924,16290.0,36716.41,2.382232508,3.94,-4.95108269,5.71528725,8.395067,6.074708216,10.95235547,6.811036147,5.820721769499418,37.22316474849833
Recoletos,46.45519091,179.0172947,24.28526349,36397.0,90257.5,2.214844842,1.63,-2.563201125,8.29963725,5.928063,4.624212329,24.67641072,7.469813978,0.052328623757195186,71.97119569518082
Rejas,40.20702352,37.22910062,11.8597494,19155.0,44800.99,2.471610975,3.35,-4.478157045,6.882059188,8.144343,6.525161327,4.753215005,7.395016478,2.366863905325444,48.067832220304645
Rosas,44.53006032,33.14473189,17.2806278,19981.0,51183.11,2.729992918,2.57,-0.282517982,5.947475375,6.4105405,9.272077324,5.650259775,5.968435484,3.842264914054601,40.65015479876161
Ríos Rosas,45.67763393,291.0088169,23.17788427,29358.0,61141.27,2.172480771,2.31,-2.898866213,5.8896005,4.8027095,5.929251883,11.83216409,7.770531977,0.35228988424760943,66.35608491187975
San Cristóbal,37.57127716,184.0,9.952305246,8042.0,25584.1,3.400612723,6.43,-8.854454898,8.363744438,16.690711,11.39736143,5.77686216,8.682234473,4.5584045584045585,10.571276027762947
San Diego,39.77157016,479.2036639,11.9925414,10252.0,26395.32,2.742884145,5.47,-8.968372457,11.886772,15.085574,10.78788788,9.325773548,7.08112698,12.23529411764706,18.433793928843432
San Fermín,41.59318645,168.9575708,14.54100367,12044.0,31794.59,2.844047343,5.14,-3.791469194,8.822156875,11.6445045,11.14418066,5.474050082,7.822456143,3.6544850498338874,19.259962049335865
San Isidro,43.60463683,227.2890012,18.04475631,13288.0,32214.34,2.600258892,5.57,-4.399651129,7.663157688,10.6795205,11.05900499,5.427037621,6.517903051,7.809330628803246,25.62727272727273
San Juan Bautista,44.93871951,132.1626435,21.99695122,28260.0,66727.9,2.47453791,2.6,-5.280657148,8.266620125,5.164765,5.088495106,6.262746083,6.628565815,0.47694753577106513,66.13501855752834
San Pascual,47.6880225,183.5280707,26.63126347,22329.0,49155.32,2.311497326,3.34,-3.705885503,5.501861,6.047796,8.220358547,6.945414776,7.253557979,2.7837259100642395,47.93640493186243
Santa Eugenia,47.38062728,116.2628593,25.7571996,17041.0,42325.14,2.605995256,4.05,-1.21555241,7.092935063,7.795982,10.06298055,5.678744929,6.476954982,5.524861878453039,28.268715199010106
Simancas,42.69782479,135.7905373,15.40884674,15675.0,37484.9,2.56904336,4.55,-4.728204606,8.961743125,9.578562,9.871477101,5.575633082,6.764654314,1.7187500000000002,32.24119299762265
Sol,43.19127675,192.6341792,15.40089349,21020.0,39077.06,1.981365013,3.08,-4.103179364,12.19793244,9.1725135,7.155417882,28.17236457,19.26269976,0.22081148219707425,56.700593723494485
Timón,40.42096774,26.07535845,12.64516129,19498.0,47815.93,2.639982968,3.42,-2.871283079,7.995100438,5.27697,6.548579105,4.48962262,6.797720314,4.450261780104712,42.72717061664608
Trafalgar,44.88806854,418.1238765,21.04390398,26431.0,51692.81,2.013834778,2.66,-2.830887505,6.207703563,5.41858,5.956106994,13.59607001,8.394956641,0.9287925696594427,65.14709399665152
Universidad,43.75568632,360.6962025,15.7602794,22689.0,41421.77,1.88352681,3.5,-3.859040325,9.639154813,7.472385,4.982686884,12.03368424,9.744601969,2.752064048036027,58.53951477300024
Valdeacederas,42.10612274,246.0976448,14.47945895,15348.0,34513.63,2.373057879,3.89,-4.506078608,5.92260925,8.7740955,11.03960254,4.782776159,7.035973146,13.580246913580247,35.42024789649869
Valdebernardo,44.14935285,69.25364956,15.55982592,17593.0,45297.2,2.834962346,7.15,-1.262654988,7.122972938,8.5947785,7.70470277,4.394796158,7.066411313,5.228758169934641,35.93597354775682
Valdefuentes,36.05711628,44.53900959,8.187214487,25293.0,65773.82,2.87194595,2.31,-5.535174643,6.215618563,5.4855445,4.090433551,5.761904852,7.629213477,1.964085297418631,69.1729480299835
Valdemarín,37.82814387,23.15518547,12.13259965,36918.0,98186.25,3.359332732,2.25,-4.039159307,8.948290688,4.846163,5.932870661,5.658519852,6.626510315,0.0,75.07987220447285
Valderrivas,38.79925006,279.5708955,7.600179091,18168.0,47528.05,2.7862155,3.94,-0.606264736,9.47341975,6.3122725,6.788309438,7.937874469,5.21665682,0.0,44.900025310048086
Valdezarza,46.14420826,228.3935599,24.46700829,18383.0,41810.16,2.392100484,3.22,-3.639408677,6.242376188,5.955551,5.098224217,6.820995622,6.95356698,12.848484848484848,40.82892416225749
Vallehermoso,47.50405178,192.0875421,27.27542247,30728.0,67456.19,2.300557008,2.28,-1.920630565,5.797598813,4.124078,5.769830328,8.850584393,8.289351141,0.5004170141784821,69.08876912593693
Valverde,39.00602662,75.9642364,12.11305518,20138.0,50482.19,2.729833442,3.19,-3.210587493,6.433310875,5.419264,4.784053329,5.430882698,6.992050267,5.301455301455301,51.16750393480089
Ventas,45.94398062,166.2851782,21.70116615,15254.0,34789.93,2.415048095,3.97,-3.914448317,5.593324563,7.8667685,6.495041327,5.244041774,6.851666814,11.648079306071871,31.538280329799765
Villaverde Alto - Casco Histórico de Villaverde,41.94753909,56.23324976,15.84172204,11511.0,30690.88,2.863833181,7.03,-4.9937298,8.052392188,12.4104335,11.22882666,5.257673313,7.127343812,4.217753800882786,15.514601187437874
Vinateros,48.6893358,294.1245791,27.00098101,15632.0,34723.27,2.336074414,4.27,-2.595428772,10.4502545,8.401353,9.299171768,6.436283622,6.020799484,3.684210526315789,30.506068564128043
Vista Alegre,44.93064223,322.0173672,21.22305744,12736.0,32688.27,2.715670349,4.71,-4.957090315,7.1837715,10.6795205,13.09580476,7.896834239,6.517903051,5.928990003447087,21.842198671466964
Zofío,42.62759838,202.0930233,16.90417048,11493.0,31036.59,2.869630463,5.19,-6.172506739,8.469274813,12.503069,10.99423866,5.05697862,7.807115143,12.305025996533796,17.356084108927956
Águilas,48.44698229,146.5564051,27.19474217,15144.0,35324.39,2.439571196,4.52,-2.071248637,6.64005375,7.83391,9.166411324,5.453684852,6.437781482,2.631578947368421,23.848167539267017
Ángeles,45.28585601,195.3288896,22.28413013,13515.0,33643.11,2.615926058,4.63,-5.490086568,7.794412875,10.7014485,10.75621977,6.015725852,7.129133313,5.829596412556054,21.93434570548964
